<?xml version="1.0" encoding="UTF-8"?>
<project-private xmlns="http://www.netbeans.org/ns/project-private/1">
    <editor-bookmarks xmlns="http://www.netbeans.org/ns/editor-bookmarks/2" lastBookmarkId="0"/>
    <open-files xmlns="http://www.netbeans.org/ns/projectui-open-files/2">
        <group>
            <file>file:/C:/Users/comp1/Desktop/exdia09/ExerciciosResolvidos/src/Ex1.java</file>
            <file>file:/C:/Users/comp1/Desktop/exdia09/ExerciciosResolvidos/src/Ex4.java</file>
            <file>file:/C:/Users/comp1/Desktop/exdia09/ExerciciosResolvidos/src/Ex9.java</file>
            <file>file:/C:/Users/comp1/Desktop/exdia09/ExerciciosResolvidos/src/Ex3.java</file>
            <file>file:/C:/Users/comp1/Desktop/exdia09/ExerciciosResolvidos/src/Ex6.java</file>
            <file>file:/C:/Users/comp1/Desktop/exdia09/ExerciciosResolvidos/src/Ex7.java</file>
            <file>file:/C:/Users/comp1/Desktop/exdia09/ExerciciosResolvidos/src/Ex11.java</file>
            <file>file:/C:/Users/comp1/Desktop/exdia09/ExerciciosResolvidos/src/Ex2.java</file>
            <file>file:/C:/Users/comp1/Desktop/exdia09/ExerciciosResolvidos/src/Ex5.java</file>
            <file>file:/C:/Users/comp1/Desktop/exdia09/ExerciciosResolvidos/src/Ex8.java</file>
            <file>file:/C:/Users/comp1/Desktop/exdia09/ExerciciosResolvidos/src/Ex10.java</file>
            <file>file:/C:/Users/comp1/Desktop/exdia09/ExerciciosResolvidos/src/Ex12.java</file>
        </group>
    </open-files>
</project-private>
